Название,Тип лодки,Тип Яхты,Команда,Добавить повара,Регион,Акватория,Порт,Каюты,Длина,Места для гостей,Туалет,Корпус,Лодок,Стоимость за день,Состояние,Фото
Клотик,Круизная,Полутонник,Капитан,Нет,Балтика,Финский залив,Санкт-Петербург,2,10 м,5,1,,1,16000,3,https://searadar.com/uploads/boats/crop/1200/675/560/57/4751-1633768-catalina-42-tintaro.jpg
Tarpon,Круизная,Картер 30,Капитан,Нет,Балтика,Финский залив,Санкт-Петербург,2,9 м,5,Нет,,1,17000,4,https://searadar.com/uploads/boats/crop/1200/675/4a2/a4/5605-1544251-cyclades-393-rhodes-yachting.jpg
Полынья,Круизная,Конрад 25RT,Капитан,Нет,Балтика,Финский залив,Санкт-Петербург,3,9 м,6,Нет,,1,21500,5,https://searadar.com/uploads/boats/crop/1200/675/a66/77/4752-1535990-cyclades-433-tecno-sail.jpg
Vagabond,Круизная,Картер 30,Капитан,Нет,Балтика,Финский залив,Санкт-Петербург,1,9 м,5,1,,1,17000,4,https://searadar.com/uploads/boats/crop/1200/675/034/34/4189-1579283-cyclades-434-blondie.jpg
Delphinus,Круизная,Л-6,Капитан,Нет,Балтика,Выборгский залив,Выборг,3,11 м,7,Нет,,1,22000,4,https://searadar.com/uploads/boats/crop/1200/675/8f7/48/52548-1648074-cyclades-434-classic.jpeg
Тундра,Круизная,Bavaria 32,Капитан,Нет,Балтика,Выборгский залив,Выборг,2,10 м,6,Нет,,1,18500,4,https://searadar.com/uploads/boats/crop/1200/675/bb1/fe/56480-1524323-bavaria-30-cruiser-2cab-xenia.jpg
Волна,Круизная,Судоход 115,Капитан и помощник,Да,Балтика,Выборгский залив,Выборг,7,28 м,17,3,,1,60000,4,https://searadar.com/uploads/boats/crop/1200/675/727/87/50956-1811951-cyclades-434-kalypso.jpg
Kraken,Круизная,Bavaria 32,Капитан,Нет,Балтика,Невская губа,Кронштадт,3,10 м,7,Нет,,1,23000,4,https://searadar.com/uploads/boats/crop/1200/675/620/c8/58370-1677740-bavaria-32-cruiser-star-chiara.jpg
Quicksilver,Круизная,Конрад 24,Капитан,Нет,Балтика,Невская губа,Кронштадт,3,8 м,6,1,,1,19000,4,https://searadar.com/uploads/boats/crop/1200/675/ba2/b2/2933-1634488-cyclades-434-velasquez.jpg
Northern Light,Круизная,Beneteau First 31.7,Капитан и помощник,Нет,Балтика,Невская губа,Кронштадт,4,10 м,7,Нет,,1,23000,4,https://searadar.com/uploads/boats/crop/1200/675/026/94/3676-1579127-first-35-aries.jpg
Позёмка,Круизная,Salona 44,Капитан,Да,Балтика,Калининградский залив,Балтийск,3,13 м,7,1,,1,21000,3,https://searadar.com/uploads/boats/crop/1200/675/7e3/0d/22074-1806649-elan-333-anja.jpg
Арктур,Круизная,Нева,Капитан и помощник,Нет,Балтика,Калининградский залив,Балтийск,2,9 м,6,1,,1,17000,3,https://searadar.com/uploads/boats/crop/1200/675/861/34/1542-1878651-cyclades-504-kate.jpg
Корюшка,Круизная,Нева,Капитан,Нет,Балтика,Калининградский залив,Балтийск,3,9 м,7,Нет,,1,21500,4,https://searadar.com/uploads/boats/crop/1200/675/fb0/c8/3859-1656449-dehler-34-bb.jpg
Intrepid,Круизная,Swan 65,Капитан и помощник,Да,Балтика,Куршская коса,Пионерский,6,20 м,13,2,,1,41000,4,https://searadar.com/uploads/boats/crop/1200/675/560/57/4751-1633768-catalina-42-tintaro.jpg
Ушкуй,Круизная,Beneteau Oceanis 41,Капитан,Да,Балтика,Куршская коса,Пионерский,4,12 м,8,2,,1,24000,4,https://searadar.com/uploads/boats/crop/1200/675/acc/15/3675-1586905-first-35-capricorn.jpg
Наст,Круизная,Botnia Targa 37,Капитан,Да,Балтика,Куршская коса,Пионерский,3,12 м,7,2,,1,19500,3,https://searadar.com/uploads/boats/crop/1200/675/6ca/2a/60693-1864229-3d-tender-lux-500-stingray-predator-640.jpg
Яхта,Круизная,Конрад 25RT,Капитан,Нет,Карелия,Ладожское озеро,Сортавала,3,9 м,6,Нет,,1,16000,3,https://searadar.com/uploads/boats/crop/1200/675/b00/c9/12897-1768021-dehler-38-redshift.jpeg
Фумарола,Круизная,Jeanneau Sun Odyssey 449,Капитан и помощник,Да,Карелия,Ладожское озеро,Сортавала,3,14 м,8,1,,1,27000,4,https://searadar.com/uploads/boats/crop/1200/675/35e/62/22311-1782896-sun-loft-47-fragon.jpg
Poseidon,Круизная,Beneteau Oceanis 41,Капитан,Да,Карелия,Ладожское озеро,Сортавала,3,12 м,8,1,,1,25000,3,https://searadar.com/uploads/boats/crop/1200/675/637/01/3669-1674680-first-35-gemini.jpg
Levante,Круизная,Swan 65,Капитан и помощник,Да,Карелия,Ладожское озеро,Сортавала,6,20 м,11,3,,1,40500,5,https://searadar.com/uploads/boats/crop/1200/675/4a2/a4/5605-1544251-cyclades-393-rhodes-yachting.jpg
Левентик,Круизная,Л-6,Капитан,Нет,Карелия,Ладожское озеро,Приозерск,4,11 м,7,1,,1,22000,4,https://searadar.com/uploads/boats/crop/1200/675/f34/db/54346-1604526-hunter-320-cami-3.jpg
Параллель,Круизная,Опал 3,Капитан и помощник,Нет,Карелия,Ладожское озеро,Приозерск,2,8 м,5,Нет,,1,15000,4,https://searadar.com/uploads/boats/crop/1200/675/5e8/9f/48586-1737478-pilot-cutter-black-bird.png
Чайка,Круизная,Lagoon 42,Капитан и помощник,Да,Карелия,Ладожское озеро,Приозерск,4,13 м,7,2,,1,21000,3,https://searadar.com/uploads/boats/crop/1200/675/3a1/e4/2068-1821328-lagoon-46-selene-ac-generator-watermaker.jpg
Cold Water,Круизная,Swan 65,Капитан и помощник,Да,Карелия,Онежское озеро,Петрозаводск,6,20 м,11,2,,1,38500,5,https://searadar.com/uploads/boats/crop/1200/675/a66/77/4752-1535990-cyclades-433-tecno-sail.jpg
Пурга,Круизная,Botnia Targa 37,Капитан,Да,Карелия,Онежское озеро,Петрозаводск,4,12 м,7,2,,1,20500,3,https://searadar.com/uploads/boats/crop/1200/675/eb8/19/51384-1571757-akhir-27-shiva.jpg
Оверштаг,Круизная,Jeanneau Sun Odyssey 449,Капитан и помощник,Да,Карелия,Онежское озеро,Петрозаводск,4,14 м,8,2,,1,25500,4,https://searadar.com/uploads/boats/crop/1200/675/b92/6e/59523-1722397-sun-loft-47-new-horizons.jpg
Белая ночь,Круизная,Полутонник,Капитан и помощник,Нет,Карелия,Белое море,Чупа,2,10 м,5,Нет,,1,15000,3,https://searadar.com/uploads/boats/crop/1200/675/035/60/55841-1776695-pogo-36-no-name.jpeg
Палтус,Круизная,Рикошет 747,Капитан,Нет,Карелия,Белое море,Чупа,2,8 м,4,Нет,,1,13000,3,https://searadar.com/uploads/boats/crop/1200/675/d17/3b/50844-1736315-pogo-44-ithaka.jpg
Siren,Круизная,Alubat Ovni 435,Капитан,Да,Карелия,Белое море,Чупа,4,13 м,8,3,,1,31000,5,https://searadar.com/uploads/boats/crop/1200/675/bb1/fe/56480-1524323-bavaria-30-cruiser-2cab-xenia.jpg
Брусника,Круизная,Л-6,Капитан,Нет,Карелия,Кандалакшский залив,Кандалакша,4,11 м,8,Нет,,1,29000,4,https://searadar.com/uploads/boats/crop/1200/675/620/c8/58370-1677740-bavaria-32-cruiser-star-chiara.jpg
Мойва,Круизная,Beneteau Oceanis 41,Капитан,Да,Карелия,Кандалакшский залив,Кандалакша,4,12 м,8,2,,1,29000,4,https://searadar.com/uploads/boats/crop/1200/675/594/6f/3674-1597417-first-35-libra.jpg
Perseus,Круизная,McGregor 65,Капитан и помощник,Да,Карелия,Кандалакшский залив,Кандалакша,6,22 м,13,2,,1,53500,5,https://searadar.com/uploads/boats/crop/1200/675/a6a/9c/51832-1591623-bavaria-32-holiday-theodor-storm.jpeg
Навага,Круизная,Alubat Ovni 435,Капитан,Да,Карелия,Онежская губа,Соловецкий,3,13 м,8,1,,1,32500,5,https://searadar.com/uploads/boats/crop/1200/675/643/86/57718-1697581-bavaria-34-cruiserg-evi.jpg
Freedom,Круизная,Судоход 88,Капитан и помощник,Да,Карелия,Онежская губа,Соловецкий,5,17 м,10,2,,1,39500,4,https://searadar.com/uploads/boats/crop/1200/675/800/c2/5256-1654579-bavaria-34-cruiser-skippy.jpg
Sea Fever,Круизная,Судоход 88,Капитан и помощник,Да,Карелия,Онежская губа,Соловецкий,5,17 м,10,2,,1,39500,4,https://searadar.com/uploads/boats/crop/1200/675/784/d7/50969-1866984-bavaria-34-cruiser-skippy.jpeg
Белуха,Круизная,Полутонник,Капитан,Нет,Карелия,Онежская губа,Соловецкий,2,10 м,6,Нет,,1,22500,4,https://searadar.com/uploads/boats/crop/1200/675/605/15/49733-1686053-bavaria-34-taz.jpeg
Корга,Круизная,Bavaria Cruiser 46,Капитан и помощник,Да,Карелия,Двинская губа,Архангельск,4,14 м,9,3,,1,30000,3,https://searadar.com/uploads/boats/crop/1200/675/a6a/9c/51832-1591623-bavaria-32-holiday-theodor-storm.jpeg
Andromeda,Круизная,Dufour 460 Grand Large,Капитан и помощник,Да,Карелия,Двинская губа,Архангельск,4,14 м,9,2,,1,31500,4,https://searadar.com/uploads/boats/crop/1200/675/2bb/1d/55929-1796176-dufour-310-gl-expensive-toy.jpg
Кабельтов,Круизная,Дракон,Капитан,Нет,Карелия,Двинская губа,Архангельск,2,9 м,5,Нет,,1,17000,4,https://searadar.com/uploads/boats/crop/1200/675/f76/86/3931-1847727-bavaria-35-cruiser-alba.jpg
Gulf Stream,Круизная,Конрад 24,Капитан,Нет,Арктика,Кольский залив,Мурманск,2,8 м,5,Нет,,1,18000,3,https://searadar.com/uploads/boats/crop/1200/675/744/8a/2460-1610985-bavaria-36-altair.jpg
Far Horizon,Круизная,Elan Impression 40,Капитан,Да,Арктика,Кольский залив,Мурманск,3,12 м,7,2,,1,27500,4,https://searadar.com/uploads/boats/crop/1200/675/f36/ab/60726-1865202-elan-34-argo.jpg
Метель,Круизная,Dehler 29,Капитан,Нет,Арктика,Кольский залив,Мурманск,4,9 м,7,Нет,,1,25500,3,https://searadar.com/uploads/boats/crop/1200/675/272/62/6085-1540823-bavaria-36-ankereva.jpg
Вест,Круизная,Дракон,Капитан и помощник,Нет,Арктика,Кольский залив,Мурманск,3,9 м,6,Нет,,1,22000,3,https://searadar.com/uploads/boats/crop/1200/675/54c/2c/2681-1579051-bavaria-37-cruiser-big-blue-horizon.jpg
Янтарь,Круизная,Alubat Ovni 435,Капитан,Да,Арктика,Баренцево море,Териберка,4,13 м,7,3,,1,28500,3,https://searadar.com/uploads/boats/crop/1200/675/4bd/57/3285-1717409-bavaria-37-cruiser-nenemia.jpg
Бриз,Круизная,Конрад 24,Капитан,Нет,Арктика,Баренцево море,Териберка,2,8 м,5,1,,1,21000,4,https://searadar.com/uploads/boats/crop/1200/675/74c/0a/49734-1686310-bavaria-37-roger-rabbit.jpeg
Cygnus,Круизная,Рикошет 747,Капитан,Нет,Арктика,Баренцево море,Териберка,2,8 м,5,1,,1,21000,4,https://searadar.com/uploads/boats/crop/1200/675/70a/71/4830-1611306-bavaria-37-stairway-to-heaven.jpg
Крачка,Круизная,Beneteau First 31.7,Капитан и помощник,Нет,Арктика,Баренцево море,Териберка,3,10 м,6,Нет,,1,27000,5,https://searadar.com/uploads/boats/crop/1200/675/a20/7b/46176-1569112-beneteau-first-35-psyche.jpeg
Штурвал,Круизная,Нева,Капитан,Нет,Арктика,Печорское море,Нарьян-Мар,3,9 м,6,1,,1,24500,3,https://searadar.com/uploads/boats/crop/1200/675/38b/71/7876-1630729-bavaria-38-cruiser-1132-bg-sails-2015.jpg
Barracuda,Круизная,Dufour 460 Grand Large,Капитан и помощник,Да,Арктика,Печорское море,Нарьян-Мар,4,14 м,8,2,,1,38500,5,https://searadar.com/uploads/boats/crop/1200/675/b8f/ec/55657-1534577-dufour-310-grand-large-expensive-toy.jpg
Nautilus,Круизная,Дракон,Капитан,Нет,Арктика,Печорское море,Нарьян-Мар,2,9 м,6,Нет,,1,26000,4,https://searadar.com/uploads/boats/crop/1200/675/d30/d0/5958-1815540-bavaria-38-cruiser-meander.jpg
Аврора,Круизная,Jeanneau Sun Odyssey 449,Капитан и помощник,Да,Арктика,Печорское море,Нарьян-Мар,4,14 м,9,2,,1,40500,4,https://searadar.com/uploads/boats/crop/1200/675/740/00/3515-1601236-sun-odyssey-319-amathea.jpg
Triton,Круизная,Четвертьтонник,Капитан,Нет,Арктика,Карское море,Диксон,2,8 м,5,Нет,,1,23000,4,https://searadar.com/uploads/boats/crop/1200/675/16d/a0/2362-1568244-bavaria-38-match-gipsy.jpg
Бакштаг,Круизная,Jeanneau Sun Odyssey 449,Капитан и помощник,Да,Арктика,Карское море,Диксон,3,14 м,9,1,,1,41000,3,https://searadar.com/uploads/boats/crop/1200/675/e51/00/61041-1878212-sun-odyssey-32i-carmen.jpg
Шхера,Круизная,Dehler 29,Капитан,Нет,Арктика,Карское море,Диксон,1,9 м,5,1,,1,23500,4,https://searadar.com/uploads/boats/crop/1200/675/cff/7f/55856-1852365-bavaria-38-noelle.png
Silver Lining,Круизная,Dufour 460 Grand Large,Капитан и помощник,Да,Арктика,Карское море,Диксон,4,14 м,8,3,,1,39000,4,https://searadar.com/uploads/boats/crop/1200/675/e4e/5d/59866-1854378-dufour-32-silvia.jpeg
Баклан,Круизная,Jeanneau Sun Odyssey 410,Капитан,Да,Дальний Восток,Анадырский залив,Анадырь,3,12 м,7,1,,1,32500,3,https://searadar.com/uploads/boats/crop/1200/675/723/a2/61038-1878182-sun-odyssey-32i-carmen.jpg
Tenacity,Круизная,Botnia Targa 37,Капитан и помощник,Да,Дальний Восток,Анадырский залив,Анадырь,4,12 м,7,2,,1,34500,4,https://searadar.com/uploads/boats/crop/1200/675/545/dc/50122-1792912-altair-45-nn.jpg
Drifter,Круизная,Galeon 425 HTS,Капитан и помощник,Да,Дальний Восток,Анадырский залив,Анадырь,4,13 м,7,2,,1,35000,4,https://searadar.com/uploads/boats/crop/1200/675/8f5/2c/49977-1655417-altair-zafir-42-running-on-waves.jpg
Шхуна,Круизная,Botnia Targa 32,Капитан,Нет,Дальний Восток,Анадырский залив,Анадырь,4,10 м,7,1,,1,34000,4,https://searadar.com/uploads/boats/crop/1200/675/f69/92/764-1818452-antares-30-fly-lumar-seamotion.jpg
Гейзер,Круизная,Nauticat 515,Капитан и помощник,Да,Дальний Восток,Берингово море,Провидения,3,16 м,9,1,,1,47500,4,https://searadar.com/uploads/boats/crop/1200/675/29d/0c/59102-1693839-bavaria-38-classic.jpeg
Mistral,Круизная,Дракон,Капитан и помощник,Нет,Дальний Восток,Берингово море,Провидения,2,9 м,5,Нет,,1,25000,4,https://searadar.com/uploads/boats/crop/1200/675/51e/b4/3370-1686809-bavaria-39-cruiser-af-b39ii.jpg
Leviathan,Круизная,Elan Impression 40,Капитан,Да,Дальний Восток,Берингово море,Провидения,4,12 м,8,2,,1,41000,4,https://searadar.com/uploads/boats/crop/1200/675/9f5/9c/59941-1856153-elan-344-impression-argo.jpg
Рябина,Круизная,Конрад 24,Капитан,Нет,Дальний Восток,Берингово море,Провидения,2,8 м,5,1,,1,23000,3,https://searadar.com/uploads/boats/crop/1200/675/026/94/3676-1579127-first-35-aries.jpg
Hydra,Круизная,Beneteau Oceanis 45,Капитан и помощник,Да,Дальний Восток,Командорские острова,Никольское,3,14 м,9,1,,1,48000,4,https://searadar.com/uploads/boats/crop/1200/675/30c/d5/42005-1815501-first-35-rhea.jpg
Meltemi,Круизная,Dehler 29,Капитан,Нет,Дальний Восток,Командорские острова,Никольское,3,9 м,6,Нет,,1,29000,3,https://searadar.com/uploads/boats/crop/1200/675/acc/15/3675-1586905-first-35-capricorn.jpg
Прибой,Круизная,Hanse 415,Капитан,Да,Дальний Восток,Командорские острова,Никольское,4,12 м,7,2,,1,34500,3,https://searadar.com/uploads/boats/crop/1200/675/98c/55/50907-1768156-hanse-360-leeloo.jpeg
Бейдевинд,Круизная,Полутонник,Капитан,Нет,Дальний Восток,Командорские острова,Никольское,3,10 м,6,Нет,,1,31000,4,https://searadar.com/uploads/boats/crop/1200/675/637/01/3669-1674680-first-35-gemini.jpg
Liberty,Круизная,McGregor 65,Капитан и помощник,Да,Дальний Восток,Камчатка,Усть-Камчатск,6,22 м,8,1,,1,30000,4,https://searadar.com/uploads/boats/crop/1200/675/594/6f/3674-1597417-first-35-libra.jpg
Iron Lady,Круизная,Судоход 115,Капитан и помощник,Да,Дальний Восток,Камчатка,Усть-Камчатск,8,28 м,16,2,,1,64000,5,https://searadar.com/uploads/boats/crop/1200/675/a20/7b/46176-1569112-beneteau-first-35-psyche.jpeg
Гранит,Круизная,Дракон,Капитан,Нет,Дальний Восток,Камчатка,Усть-Камчатск,3,9 м,6,Нет,,1,29000,5,https://searadar.com/uploads/boats/crop/1200/675/30c/d5/42005-1815501-first-35-rhea.jpg
Треска,Круизная,Дракон,Капитан,Нет,Дальний Восток,Камчатка,Усть-Камчатск,4,9 м,7,Нет,,1,29500,3,https://searadar.com/uploads/boats/crop/1200/675/48b/e8/3672-1560183-first-35-saggitarius.jpg
Русич,Круизная,Гидра 26,Капитан и помощник,Нет,Дальний Восток,Камчатка,Петропавловск-Камчатский,2,8 м,5,Нет,,1,21500,4,https://searadar.com/uploads/boats/crop/1200/675/000/ab/3673-1565452-first-35-scorpio.jpg
Помор,Круизная,Swan 65,Капитан и помощник,Да,Дальний Восток,Камчатка,Петропавловск-Камчатский,5,20 м,12,3,,1,56500,4,https://searadar.com/uploads/boats/crop/1200/675/034/34/4189-1579283-cyclades-434-blondie.jpg
Dauntless,Круизная,McGregor 65,Капитан и помощник,Да,Дальний Восток,Камчатка,Петропавловск-Камчатский,5,22 м,13,2,,1,66000,5,https://searadar.com/uploads/boats/crop/1200/675/522/e3/3670-1558293-first-35-taurus.jpg
Sailfish,Круизная,Конрад 24,Капитан,Нет,Дальний Восток,Камчатка,Петропавловск-Камчатский,2,8 м,4,1,,1,17500,4,https://searadar.com/uploads/boats/crop/1200/675/eb8/4f/3677-1665825-first-35-virgo.jpg
Салма,Круизная,Судоход 88,Капитан и помощник,Да,Дальний Восток,Охотское море,Магадан,5,17 м,12,3,,1,53500,4,https://searadar.com/uploads/boats/crop/1200/675/5ab/e6/45998-1805666-first-36-mana.jpeg
Сириус,Круизная,Jeanneau Sun Odyssey 449,Капитан и помощник,Да,Дальний Восток,Охотское море,Магадан,4,14 м,9,2,,1,37000,3,https://searadar.com/uploads/boats/crop/1200/675/02e/3c/494-1567240-sun-odyssey-32-i-regina-iv.jpg
Луда,Круизная,Alubat Ovni 435,Капитан,Да,Дальний Восток,Охотское море,Магадан,4,13 м,7,2,,1,30500,4,https://searadar.com/uploads/boats/crop/1200/675/c3d/67/39274-1670516-first-367-roko.jpg
Blue Hour,Круизная,Beneteau First 31.7,Капитан,Нет,Дальний Восток,Охотское море,Магадан,2,10 м,5,1,,1,20000,3,https://searadar.com/uploads/boats/crop/1200/675/48b/e8/3672-1560183-first-35-saggitarius.jpg
White Squall,Круизная,Hanse 445,Капитан,Да,Дальний Восток,Шантарские острова,Чумикан,3,13 м,7,1,,1,33500,4,https://searadar.com/uploads/boats/crop/1200/675/ae9/ed/7834-1814269-hanse-385-ariel.jpg
Поморник,Круизная,Bavaria Cruiser 46,Капитан и помощник,Да,Дальний Восток,Шантарские острова,Чумикан,4,14 м,8,2,,1,36500,3,https://searadar.com/uploads/boats/crop/1200/675/643/86/57718-1697581-bavaria-34-cruiserg-evi.jpg
Морошка,Круизная,Опал 3,Капитан,Нет,Дальний Восток,Шантарские острова,Чумикан,2,8 м,5,Нет,,1,22000,3,https://searadar.com/uploads/boats/crop/1200/675/70f/26/30-1539548-first-40-imagine.jpg
Зюйд,Круизная,Четвертьтонник,Капитан и помощник,Нет,Дальний Восток,Шантарские острова,Чумикан,2,8 м,5,Нет,,1,23000,4,https://searadar.com/uploads/boats/crop/1200/675/08d/a5/549-1822888-first-407-milena.jpg
Альбатрос,Круизная,Bavaria Cruiser 46,Капитан и помощник,Да,Дальний Восток,Татарский пролив,Ванино,4,14 м,9,2,,1,34500,4,https://searadar.com/uploads/boats/crop/1200/675/800/c2/5256-1654579-bavaria-34-cruiser-skippy.jpg
Aquila,Круизная,Botnia Targa 32,Капитан и помощник,Нет,Дальний Восток,Татарский пролив,Ванино,1,10 м,5,Нет,,1,18500,4,https://searadar.com/uploads/boats/crop/1200/675/23e/d7/50080-1737263-antares-36-galeb.jpg
Северный ветер,Круизная,Л-6,Капитан и помощник,Нет,Дальний Восток,Татарский пролив,Ванино,4,11 м,7,Нет,,1,26500,4,https://searadar.com/uploads/boats/crop/1200/675/b03/84/5304-1619640-beneteau-first-45-xena.jpg
Вулкан,Круизная,Botnia Targa 37,Капитан,Да,Дальний Восток,Татарский пролив,Ванино,3,12 м,6,2,,1,21500,3,https://searadar.com/uploads/boats/crop/1200/675/f2b/e3/39117-1557862-antares-9-ob-arya.jpg
Сивуч,Круизная,Конрад 24,Капитан,Нет,Дальний Восток,Залив Анива,Корсаков,2,8 м,6,Нет,,1,25500,5,https://searadar.com/uploads/boats/crop/1200/675/703/37/6478-1586463-oceanis-301-carina.jpg
Шквал,Круизная,Дракон,Капитан,Нет,Дальний Восток,Залив Анива,Корсаков,1,9 м,5,Нет,,1,21500,5,https://searadar.com/uploads/boats/crop/1200/675/b34/77/47249-1559689-oceanis-301-lima.jpg
Серебряный век,Круизная,Картер 30,Капитан и помощник,Нет,Дальний Восток,Залив Анива,Корсаков,2,9 м,6,1,,1,24000,4,https://searadar.com/uploads/boats/crop/1200/675/946/45/50205-1729732-oceanis-34-aquamarine.jpg
Odyssey,Круизная,Lagoon 620,Капитан и помощник,Да,Дальний Восток,Залив Анива,Корсаков,6,19 м,11,3,,1,50500,5,https://searadar.com/uploads/boats/crop/1200/675/d9c/c5/51564-1590567-aquila-32-sport-aquilotto.jpeg
Кальдера,Круизная,Л-6,Капитан,Нет,Дальний Восток,Курильские острова,Южно-Курильск,3,11 м,6,1,,1,27500,4,https://searadar.com/uploads/boats/crop/1200/675/44e/81/38749-1815527-oceanis-34-marilou.jpg
Вега,Круизная,Beneteau First 31.7,Капитан и помощник,Нет,Дальний Восток,Курильские острова,Южно-Курильск,3,10 м,6,1,,1,25500,3,https://searadar.com/uploads/boats/crop/1200/675/000/ab/3673-1565452-first-35-scorpio.jpg
Endeavour,Круизная,Nauticat 515,Капитан и помощник,Да,Дальний Восток,Курильские острова,Южно-Курильск,4,16 м,9,2,,1,40500,3,https://searadar.com/uploads/boats/crop/1200/675/a97/ec/51608-1607276-oceanis-34-smyrna.jpeg
Circe,Круизная,Опал 3,Капитан,Нет,Дальний Восток,Курильские острова,Южно-Курильск,1,8 м,4,1,,1,18000,4,https://searadar.com/uploads/boats/crop/1200/675/35e/62/22311-1782896-sun-loft-47-fragon.jpg
Пилигрим,Круизная,Nimbus 405 Coupe,Капитан,Да,Дальний Восток,Залив Терпения,Поронайск,3,13 м,7,1,,1,28000,4,https://searadar.com/uploads/boats/crop/1200/675/64e/52/52789-1799430-antares-9-bella-vista.jpg
Варяг,Круизная,Нева,Капитан и помощник,Нет,Дальний Восток,Залив Терпения,Поронайск,3,9 м,6,Нет,,1,22000,3,https://searadar.com/uploads/boats/crop/1200/675/b92/6e/59523-1722397-sun-loft-47-new-horizons.jpg
Стаксель,Круизная,Lagoon 42,Капитан,Да,Дальний Восток,Залив Терпения,Поронайск,3,13 м,8,1,,1,32000,4,https://searadar.com/uploads/boats/crop/1200/675/592/19/51253-1740129-aquila-44-adriatic-z.jpg
True North,Круизная,Galeon 425 HTS,Капитан и помощник,Да,Дальний Восток,Залив Терпения,Поронайск,4,13 м,8,2,,1,34000,5,https://searadar.com/uploads/boats/crop/1200/675/07a/51/52790-1770645-antares-9-bella-vista.jpg
Галс,Круизная,Конрад 24,Капитан,Нет,Дальний Восток,Залив Петра Великого,Славянка,1,8 м,5,Нет,,1,17500,4,https://searadar.com/uploads/boats/crop/1200/675/740/00/3515-1601236-sun-odyssey-319-amathea.jpg
Ладья,Круизная,Конрад 24,Капитан,Нет,Дальний Восток,Залив Петра Великого,Славянка,2,8 м,5,Нет,,1,17500,4,https://searadar.com/uploads/boats/crop/1200/675/e51/00/61041-1878212-sun-odyssey-32i-carmen.jpg
Норд-Ост,Круизная,Опал 3,Капитан,Нет,Дальний Восток,Залив Петра Великого,Славянка,2,8 м,5,Нет,,1,16500,3,https://searadar.com/uploads/boats/crop/1200/675/723/a2/61038-1878182-sun-odyssey-32i-carmen.jpg
Морти,Круизная,Bavaria 45,Капитан,Да,Дальний Восток,Амурский залив,Владивосток,5,15 м,10,2,,1,35000,5,https://searadar.com/uploads/boats/crop/1200/675/784/d7/50969-1866984-bavaria-34-cruiser-skippy.jpeg
Рик,Круизная,Bavaria 45,Капитан,Да,Дальний Восток,Амурский залив,Владивосток,5,15 м,10,2,,1,35000,5,https://searadar.com/uploads/boats/crop/1200/675/605/15/49733-1686053-bavaria-34-taz.jpeg
Косатка,Круизная,Нева,Капитан и помощник,Нет,Дальний Восток,Амурский залив,Владивосток,3,9 м,6,Нет,,1,21000,3,https://searadar.com/uploads/boats/crop/1200/675/02e/3c/494-1567240-sun-odyssey-32-i-regina-iv.jpg
Компас,Круизная,Beneteau Oceanis 45,Капитан и помощник,Да,Дальний Восток,Амурский залив,Владивосток,5,14 м,10,2,,1,36000,3,https://searadar.com/uploads/boats/crop/1200/675/522/e3/3670-1558293-first-35-taurus.jpg
Скиталец,Круизная,Нева,Капитан,Нет,Дальний Восток,Залив Находка,Находка,3,9 м,6,Нет,,1,21500,5,https://searadar.com/uploads/boats/crop/1200/675/bbc/54/5097-1824150-sun-odyssey-33i-britannia.jpg
Медуза,Круизная,Л-6,Капитан,Нет,Дальний Восток,Залив Находка,Находка,3,11 м,7,1,,1,25500,5,https://searadar.com/uploads/boats/crop/1200/675/61d/53/2271-1846418-sun-odyssey-33i-carry-on.jpg
Меридиан,Круизная,Jongert 24T,Капитан и помощник,Да,Дальний Восток,Залив Находка,Находка,7,24 м,14,3,,1,53000,4,https://searadar.com/uploads/boats/crop/1200/675/c15/45/59492-1727486-atlantis-47-ht-seven.jpg
Serenity,Круизная,Полутонник,Капитан,Нет,Азовское море,Ейский лиман,Ейск,3,10 м,6,1,,1,14500,3,https://searadar.com/uploads/boats/crop/1200/675/ca0/06/5091-1820127-sun-odyssey-33i-maxima.jpg
Bora,Круизная,Полутонник,Капитан,Нет,Азовское море,Ейский лиман,Ейск,3,10 м,6,Нет,,1,15500,4,https://searadar.com/uploads/boats/crop/1200/675/2d1/df/59700-1808214-sun-odyssey-349-3-cab-sarita.jpg
Wind Chaser,Круизная,Dehler 29,Капитан,Нет,Азовское море,Ейский лиман,Ейск,3,9 м,6,Нет,,1,15500,4,https://searadar.com/uploads/boats/crop/1200/675/8b9/c4/59826-1851952-sun-odyssey-349-3-cab-sweet-elli.jpg
Aurora Borealis,Круизная,Bavaria Cruiser 46,Капитан и помощник,Да,Азовское море,Таганрогский залив,Таганрог,4,14 м,9,2,,1,25500,5,https://searadar.com/uploads/boats/crop/1200/675/f76/86/3931-1847727-bavaria-35-cruiser-alba.jpg
Wanderer,Круизная,Bavaria Cruiser 46,Капитан и помощник,Да,Азовское море,Таганрогский залив,Таганрог,3,14 м,9,1,,1,24000,4,https://searadar.com/uploads/boats/crop/1200/675/744/8a/2460-1610985-bavaria-36-altair.jpg
Ягель,Круизная,Нева,Капитан,Нет,Азовское море,Таганрогский залив,Таганрог,3,9 м,7,1,,1,18000,4,https://searadar.com/uploads/boats/crop/1200/675/754/00/6181-1772106-sun-odyssey-349-b-nara.jpeg
Sea Wolf,Круизная,Ассоль,Капитан,Нет,Азовское море,Темрюкский залив,Темрюк,2,8 м,5,Нет,,1,13500,4,https://searadar.com/uploads/boats/crop/1200/675/e2c/f2/3524-1655576-sun-odyssey-349-actaea.jpeg
Гагара,Круизная,Картер 30,Капитан,Нет,Азовское море,Темрюкский залив,Темрюк,3,9 м,6,Нет,,1,15500,3,https://searadar.com/uploads/boats/crop/1200/675/b41/c5/55867-1796771-sun-odyssey-349-adria-moon.jpeg
Полярная звезда,Круизная,Princess 62,Капитан и помощник,Да,Азовское море,Темрюкский залив,Темрюк,5,19 м,11,2,,1,32500,4,https://searadar.com/uploads/boats/crop/1200/675/dfc/70/53704-1669451-axopar-28-t-top-axopar.jpg
Спинакер,Круизная,Hanse 415,Капитан,Да,Чёрное море,Анапская бухта,Анапа,4,12 м,7,2,,1,22000,4,https://searadar.com/uploads/boats/crop/1200/675/e04/15/12586-1768291-hanse-388-whisper.jpeg
Торос,Круизная,Jeanneau Sun Odyssey 449,Капитан и помощник,Да,Чёрное море,Анапская бухта,Анапа,4,14 м,8,2,,1,25500,4,https://searadar.com/uploads/boats/crop/1200/675/bbc/54/5097-1824150-sun-odyssey-33i-britannia.jpg
Calypso,Круизная,Полутонник,Капитан,Нет,Чёрное море,Анапская бухта,Анапа,4,10 м,7,Нет,,1,21500,4,https://searadar.com/uploads/boats/crop/1200/675/b41/c5/50322-1735485-sun-odyssey-349-horizonte.jpeg
Corvus,Круизная,Конрад 24,Капитан,Нет,Чёрное море,Цемесская бухта,Новороссийск,2,8 м,5,1,,1,17000,5,https://searadar.com/uploads/boats/crop/1200/675/9f4/d7/22286-1783092-sun-odyssey-349-little-owl.jpg
Фордевинд,Круизная,Рикошет 747,Капитан,Нет,Чёрное море,Цемесская бухта,Новороссийск,2,8 м,4,1,,1,13500,5,https://searadar.com/uploads/boats/crop/1200/675/2f6/92/20372-1783062-sun-odyssey-349-lapwing.jpeg
Salty Dog,Круизная,Galeon 425 HTS,Капитан,Да,Чёрное море,Цемесская бухта,Новороссийск,3,13 м,8,2,,1,26500,4,https://searadar.com/uploads/boats/crop/1200/675/2e5/4f/50934-1594237-axopar-37-xc-cross-cabin-axopar.jpg
Midnight Sun,Круизная,Beneteau Oceanis 45,Капитан и помощник,Да,Чёрное море,Геленджикская бухта,Геленджик,3,14 м,9,1,,1,31500,4,https://searadar.com/uploads/boats/crop/1200/675/eb8/4f/3677-1665825-first-35-virgo.jpg
Lyra,Круизная,Дракон,Капитан,Нет,Чёрное море,Геленджикская бухта,Геленджик,3,9 м,6,Нет,,1,19000,3,https://searadar.com/uploads/boats/crop/1200/675/0d6/98/3525-1602739-sun-odyssey-349-meliti.jpeg
Валун,Круизная,Hanse 415,Капитан,Да,Чёрное море,Геленджикская бухта,Геленджик,3,12 м,6,1,,1,19500,3,https://searadar.com/uploads/boats/crop/1200/675/1ab/aa/3081-1825101-hanse-400-aeolus.jpeg
Кайра,Круизная,Lagoon 42,Капитан,Да,Чёрное море,Сочинское побережье,Сочи,3,13 м,9,1,,1,36000,4,https://searadar.com/uploads/boats/crop/1200/675/058/11/58434-1681284-aquila-50-yacht-infinity-i.jpeg
Странник,Круизная,Lagoon 42,Капитан,Да,Чёрное море,Сочинское побережье,Сочи,3,13 м,8,1,,1,30000,3,https://searadar.com/uploads/boats/crop/1200/675/3c7/f5/52690-1807487-aquila-54-by-my-side.jpg
Nomad,Круизная,Конрад 24,Капитан,Нет,Чёрное море,Сочинское побережье,Сочи,2,8 м,5,1,,1,19000,4,https://searadar.com/uploads/boats/crop/1200/675/0a1/03/2206-1612014-jeanneau-sun-odissey-349-mon-amour.jpg
Solitude,Круизная,Рикошет 747,Капитан,Нет,Чёрное море,Сочинское побережье,Сочи,2,8 м,5,1,,1,18000,3,https://searadar.com/uploads/boats/crop/1200/675/467/41/47887-1765436-sun-odyssey-349-nara.jpeg
Секстант,Круизная,McGregor 65,Капитан и помощник,Да,Чёрное море,Туапсинский залив,Туапсе,7,22 м,14,4,,1,47000,4,https://searadar.com/uploads/boats/crop/1200/675/98c/55/50907-1768156-hanse-360-leeloo.jpeg
Zephyr,Круизная,Princess 62,Капитан и помощник,Да,Чёрное море,Туапсинский залив,Туапсе,6,19 м,12,2,,1,39500,4,https://searadar.com/uploads/boats/crop/1200/675/9a0/df/53282-1576313-axopar-37-xc-brabus-voreus.jpg
Tramontana,Круизная,Bavaria 32,Капитан,Нет,Чёрное море,Туапсинский залив,Туапсе,3,10 м,6,Нет,,1,18500,4,https://searadar.com/uploads/boats/crop/1200/675/272/62/6085-1540823-bavaria-36-ankereva.jpg
Коч,Круизная,Ferretti 720,Капитан и помощник,Да,Каспий,Северный Каспий,Астрахань,6,22 м,14,3,,1,42000,4,https://searadar.com/uploads/boats/crop/1200/675/bb8/0d/4959-1717645-azimut-43-fly-shine-iv.jpg
Грот,Круизная,Л-6,Капитан,Нет,Каспий,Северный Каспий,Астрахань,4,11 м,8,Нет,,1,23500,5,https://searadar.com/uploads/boats/crop/1200/675/ae9/ed/7834-1814269-hanse-385-ariel.jpg
Поморка,Круизная,Alubat Ovni 435,Капитан,Да,Каспий,Северный Каспий,Астрахань,3,13 м,7,2,,1,20000,4,https://searadar.com/uploads/boats/crop/1200/675/e04/15/12586-1768291-hanse-388-whisper.jpeg
Sirocco,Круизная,Beneteau Oceanis 45,Капитан и помощник,Да,Каспий,Дагестанское побережье,Махачкала,5,14 м,10,2,,1,28500,3,https://searadar.com/uploads/boats/crop/1200/675/5ab/e6/45998-1805666-first-36-mana.jpeg
Argo,Круизная,Картер 30,Капитан,Нет,Каспий,Дагестанское побережье,Махачкала,3,9 м,6,Нет,,1,16500,3,https://searadar.com/uploads/boats/crop/1200/675/1ab/aa/3081-1825101-hanse-400-aeolus.jpeg
Салинг,Круизная,Ferretti 720,Капитан и помощник,Да,Каспий,Дагестанское побережье,Махачкала,7,22 м,14,3,,1,44500,4,https://searadar.com/uploads/boats/crop/1200/675/0da/59/124-1625001-azimut-46-alma-libre-ii-ac-gen.jpg
Ермак,Круизная,Bavaria 32,Капитан,Нет,Обь,Обское море,Новосибирск,3,10 м,6,1,,1,17500,3,https://searadar.com/uploads/boats/crop/1200/675/54c/2c/2681-1579051-bavaria-37-cruiser-big-blue-horizon.jpg
Стрежень,Круизная,Beneteau Oceanis Yacht 62,Капитан и помощник,Да,Обь,Обское море,Новосибирск,5,19 м,12,3,,1,39500,4,https://searadar.com/uploads/boats/crop/1200/675/c3d/67/39274-1670516-first-367-roko.jpg
Фарватер,Круизная,Конрад 24,Капитан и помощник,Нет,Обь,Обское море,Новосибирск,1,8 м,4,Нет,,1,11500,3,https://searadar.com/uploads/boats/crop/1200/675/f4e/10/28687-1847622-hanse-400-flyer-of-lorne.jpeg
Бакен,Круизная,Опал 3,Капитан и помощник,Нет,Обь,Обское море,Новосибирск,2,8 м,4,1,,1,11500,3,https://searadar.com/uploads/boats/crop/1200/675/b5e/52/12880-1768462-hanse-415-luna.jpg
Створ,Моторная,Nimbus 405 Coupe,Капитан,Да,Обь,Обское море,Новосибирск,4,13 м,8,2,,1,24000,3,https://searadar.com/uploads/boats/crop/1200/675/e5b/61/53365-1593307-azimut-46-azimut-46-app.jpg
Плёс,Моторная,Botnia Targa 32,Капитан и помощник,Нет,Обь,Обское море,Новосибирск,4,10 м,7,1,,1,20500,3,https://searadar.com/uploads/boats/crop/1200/675/95d/55/53745-1675765-azimut-atlantis-55-lia.jpg
Перекат,Круизная,Конрад 24,Капитан и помощник,Нет,Обь,Иртыш,Омск,2,8 м,4,Нет,,1,12000,5,https://searadar.com/uploads/boats/crop/1200/675/2be/fa/12578-1768479-hanse-415-natali.jpeg
Быстрина,Круизная,Galeon 425 HTS,Капитан,Да,Обь,Иртыш,Омск,4,13 м,9,2,,1,28500,5,https://searadar.com/uploads/boats/crop/1200/675/3b3/46/59924-1855654-balt-37-grand-12.jpg
Излучина,Круизная,Galeon 425 HTS,Капитан,Да,Обь,Иртыш,Омск,4,13 м,8,2,,1,22500,3,https://searadar.com/uploads/boats/crop/1200/675/c1a/07/59933-1855714-balt-37-grand-17.jpg
Старица,Круизная,Четвертьтонник,Капитан,Нет,Обь,Нижняя Обь,Ханты-Мансийск,2,8 м,4,Нет,,1,13500,4,https://searadar.com/uploads/boats/crop/1200/675/9c7/b4/58361-1677638-hanse-418-aloisia.jpg
Затон,Круизная,Л-6,Капитан и помощник,Нет,Обь,Нижняя Обь,Ханты-Мансийск,3,11 м,7,1,,1,24000,4,https://searadar.com/uploads/boats/crop/1200/675/a69/1f/4240-1619657-hanse-418-polynoe.jpg
Протока,Круизная,Jeanneau Sun Odyssey 449,Капитан и помощник,Да,Обь,Нижняя Обь,Ханты-Мансийск,4,14 м,9,2,,1,31500,4,https://searadar.com/uploads/boats/crop/1200/675/61d/53/2271-1846418-sun-odyssey-33i-carry-on.jpg
Шивера,Круизная,Jeanneau Sun Odyssey 449,Капитан и помощник,Да,Енисей,Красноярское море,Красноярск,4,14 м,10,2,,1,30000,3,https://searadar.com/uploads/boats/crop/1200/675/ca0/06/5091-1820127-sun-odyssey-33i-maxima.jpg
Тобол,Круизная,Lagoon 42,Капитан,Да,Енисей,Красноярское море,Красноярск,3,13 м,8,1,,1,25500,4,https://searadar.com/uploads/boats/crop/1200/675/250/82/53885-1556488-aquila-54-by-my-side.jpeg
Ишим,Круизная,Bavaria 45,Капитан и помощник,Да,Енисей,Красноярское море,Красноярск,4,15 м,9,2,,1,29000,4,https://searadar.com/uploads/boats/crop/1200/675/4bd/57/3285-1717409-bavaria-37-cruiser-nenemia.jpg
Чулым,Круизная,Четвертьтонник,Капитан,Нет,Енисей,Красноярское море,Красноярск,1,8 м,5,Нет,,1,16000,5,https://searadar.com/uploads/boats/crop/1200/675/d31/e3/46744-1545429-hanse-455-piri-reis-ii.jpeg
Васюган,Моторная,Botnia Targa 32,Капитан,Нет,Енисей,Красноярское море,Красноярск,2,10 м,5,Нет,,1,14500,3,https://searadar.com/uploads/boats/crop/1200/675/1e0/4d/53708-1659775-beneteau-barracuda-8-whisper.jpeg
Кеть,Круизная,Ferretti 720,Капитан и помощник,Да,Енисей,Братское море,Братск,7,22 м,14,4,,1,49500,4,https://searadar.com/uploads/boats/crop/1200/675/6ca/2a/60693-1864229-3d-tender-lux-500-stingray-predator-640.jpg
Томь,Круизная,Dehler 29,Капитан,Нет,Енисей,Братское море,Братск,3,9 м,6,1,,1,20500,5,https://searadar.com/uploads/boats/crop/1200/675/7d4/fa/3572-1589513-hanse-458-celine-1.jpg
Бия,Круизная,Гидра 26,Капитан,Нет,Енисей,Братское море,Братск,2,8 м,4,Нет,,1,13000,4,https://searadar.com/uploads/boats/crop/1200/675/219/e0/5850-1855595-hanse-508-hamam.jpg
Катунь,Круизная,Hanse 445,Капитан,Да,Дон,Нижний Дон,Ростов-на-Дону,4,13 м,8,3,,1,22500,4,https://searadar.com/uploads/boats/crop/1200/675/f4e/10/28687-1847622-hanse-400-flyer-of-lorne.jpeg
Чуя,Круизная,Sunseeker 76,Капитан и помощник,Да,Дон,Нижний Дон,Ростов-на-Дону,7,23 м,14,3,,1,42500,4,https://searadar.com/uploads/boats/crop/1200/675/eb8/19/51384-1571757-akhir-27-shiva.jpg
Абакан,Круизная,Nimbus 405 Coupe,Капитан,Да,Дон,Нижний Дон,Ростов-на-Дону,4,13 м,8,3,,1,21000,3,https://searadar.com/uploads/boats/crop/1200/675/545/dc/50122-1792912-altair-45-nn.jpg
Мана,Круизная,Bavaria 32,Капитан,Нет,Дон,Нижний Дон,Ростов-на-Дону,3,10 м,6,Нет,,1,15500,3,https://searadar.com/uploads/boats/crop/1200/675/74c/0a/49734-1686310-bavaria-37-roger-rabbit.jpeg
Туба,Моторная,Botnia Targa 37,Капитан,Да,Дон,Нижний Дон,Ростов-на-Дону,4,12 м,7,2,,1,19500,4,https://searadar.com/uploads/boats/crop/1200/675/8f5/2c/49977-1655417-altair-zafir-42-running-on-waves.jpg
Илим,Моторная,Princess V50,Капитан и помощник,Да,Дон,Нижний Дон,Ростов-на-Дону,4,15 м,8,2,,1,23000,4,https://searadar.com/uploads/boats/crop/1200/675/f69/92/764-1818452-antares-30-fly-lumar-seamotion.jpg
Ангара,Круизная,Bavaria 32,Капитан,Нет,Дон,Цимлянское море,Волгодонск,3,10 м,6,Нет,,1,15500,3,https://searadar.com/uploads/boats/crop/1200/675/70a/71/4830-1611306-bavaria-37-stairway-to-heaven.jpg
Уда,Круизная,Amel 64,Капитан и помощник,Да,Дон,Цимлянское море,Волгодонск,5,20 м,13,3,,1,41000,5,https://searadar.com/uploads/boats/crop/1200/675/2bb/1d/55929-1796176-dufour-310-gl-expensive-toy.jpg
Бирюса,Круизная,Ассоль,Капитан,Нет,Дон,Цимлянское море,Волгодонск,2,8 м,5,Нет,,1,13500,4,https://searadar.com/uploads/boats/crop/1200/675/b8f/ec/55657-1534577-dufour-310-grand-large-expensive-toy.jpg
Чусовая,Круизная,Конрад 24,Капитан,Нет,Кама,Камское море,Пермь,2,8 м,6,1,,1,16000,3,https://searadar.com/uploads/boats/crop/1200/675/e4e/5d/59866-1854378-dufour-32-silvia.jpeg
Вишера,Круизная,Elan Impression 40,Капитан,Да,Кама,Камское море,Пермь,3,12 м,7,2,,1,19500,3,https://searadar.com/uploads/boats/crop/1200/675/cf7/49/59942-1876849-elan-344-impression-naftaki.jpeg
Сылва,Круизная,Botnia Targa 37,Капитан,Да,Кама,Камское море,Пермь,2,12 м,6,1,,1,18000,4,https://searadar.com/uploads/boats/crop/1200/675/23e/d7/50080-1737263-antares-36-galeb.jpg
Косьва,Круизная,Судоход 88,Капитан и помощник,Да,Кама,Камское море,Пермь,6,17 м,12,2,,1,35000,3,https://searadar.com/uploads/boats/crop/1200/675/77b/b6/1896-1833889-dufour-335-grand-large-pippi-new-engine-2024.jpg
Яйва,Моторная,Botnia Targa 32,Капитан,Нет,Кама,Камское море,Пермь,2,10 м,6,Нет,,1,16500,3,https://searadar.com/uploads/boats/crop/1200/675/f2b/e3/39117-1557862-antares-9-ob-arya.jpg
Иньва,Круизная,Ассоль,Капитан,Нет,Кама,Воткинское водохранилище,Чайковский,2,8 м,4,Нет,,1,11000,3,https://searadar.com/uploads/boats/crop/1200/675/c82/32/59876-1878320-dufour-350-grand-large-arkadia.jpeg
Обва,Круизная,Рикошет 747,Капитан,Нет,Кама,Воткинское водохранилище,Чайковский,1,8 м,4,Нет,,1,11000,3,https://searadar.com/uploads/boats/crop/1200/675/fb2/a8/8-1847798-dufour-350-grand-large-friday.jpg
Хопёр,Круизная,Дракон,Капитан,Нет,Кама,Воткинское водохранилище,Чайковский,3,9 м,6,Нет,,1,18500,5,https://searadar.com/uploads/boats/crop/1200/675/943/e7/2958-1558733-dufour-360-gl-happy-planet.jpeg
Медведица,Круизная,Четвертьтонник,Капитан и помощник,Нет,Кама,Нижнекамское водохранилище,Набережные Челны,1,8 м,5,Нет,,1,13500,3,https://searadar.com/uploads/boats/crop/1200/675/92d/cd/4426-1816946-dufour-360-gl-nautilus.jpg
Маныч,Круизная,Гидра 26,Капитан,Нет,Кама,Нижнекамское водохранилище,Набережные Челны,1,8 м,4,Нет,,1,11500,4,https://searadar.com/uploads/boats/crop/1200/675/5bb/d4/51024-1619008-dufour-37-alma.jpeg
Аксай,Круизная,Полутонник,Капитан и помощник,Нет,Кама,Нижнекамское водохранилище,Набережные Челны,4,10 м,7,1,,1,21500,5,https://searadar.com/uploads/boats/crop/1200/675/58d/f9/46211-1743062-dufour-37-arktur.jpg
Сал,Круизная,Lagoon 620,Капитан и помощник,Да,Псковско-Чудское озеро,Псковское озеро,Псков,6,19 м,11,2,,1,34500,5,https://searadar.com/uploads/boats/crop/1200/675/61e/2b/4208-1604043-astrea-42-adele.jpeg
Чир,Круизная,Hallberg-Rassy 64,Капитан и помощник,Да,Псковско-Чудское озеро,Псковское озеро,Псков,5,20 м,11,2,,1,34500,5,https://searadar.com/uploads/boats/crop/1200/675/560/57/4751-1633768-catalina-42-tintaro.jpg
Донец,Круизная,Bavaria Cruiser 46,Капитан и помощник,Да,Псковско-Чудское озеро,Псковское озеро,Псков,4,14 м,9,2,,1,25500,4,https://searadar.com/uploads/boats/crop/1200/675/38b/71/7876-1630729-bavaria-38-cruiser-1132-bg-sails-2015.jpg
Уссури,Круизная,Lagoon 620,Капитан и помощник,Да,Псковско-Чудское озеро,Чудское озеро,Гдов,5,19 м,13,2,,1,40500,5,https://searadar.com/uploads/boats/crop/1200/675/48c/e5/17-1845847-astrea-42-gloria.jpg
Бурея,Круизная,Л-6,Капитан,Нет,Псковско-Чудское озеро,Чудское озеро,Гдов,4,11 м,7,1,,1,19500,4,https://searadar.com/uploads/boats/crop/1200/675/d98/6a/55928-1796198-dufour-37-iulo.jpg
Хинган,Круизная,Опал 3,Капитан,Нет,Псковско-Чудское озеро,Чудское озеро,Гдов,3,8 м,6,Нет,,1,15500,3,https://searadar.com/uploads/boats/crop/1200/675/083/a7/55642-1534732-dufour-37-iulo.jpg
Анюй,Круизная,Дракон,Капитан,Нет,Селигер и Валдай,Озеро Селигер,Осташков,2,9 м,6,Нет,,1,18500,4,https://searadar.com/uploads/boats/crop/1200/675/776/57/46427-1815112-dufour-373cabin-marsel-the-angel.jpg
Хехцир,Круизная,Картер 30,Капитан,Нет,Селигер и Валдай,Озеро Селигер,Осташков,3,9 м,6,Нет,,1,18500,4,https://searadar.com/uploads/boats/crop/1200/675/c95/85/52521-1813913-dufour-37-momo.jpeg
Тунгуска,Круизная,Hanse 415,Капитан,Да,Селигер и Валдай,Озеро Селигер,Осташков,3,12 м,8,1,,1,26500,5,https://searadar.com/uploads/boats/crop/1200/675/b5e/52/12880-1768462-hanse-415-luna.jpg
Амгунь,Круизная,Гидра 26,Капитан,Нет,Селигер и Валдай,Озеро Селигер,Осташков,1,8 м,4,1,,1,12000,4,https://searadar.com/uploads/boats/crop/1200/675/712/b3/2497-1562007-dufour-382-grand-large-gangaro.jpeg
Таймень,Моторная,Princess V50,Капитан и помощник,Да,Селигер и Валдай,Озеро Селигер,Осташков,4,15 м,9,2,,1,27000,3,https://searadar.com/uploads/boats/crop/1200/675/64e/52/52789-1799430-antares-9-bella-vista.jpg
Ленок,Круизная,Л-6,Капитан и помощник,Нет,Селигер и Валдай,Валдайское озеро,Валдай,4,11 м,8,Нет,,1,25000,4,https://searadar.com/uploads/boats/crop/1200/675/3aa/7a/58203-1678367-dufour-382-grand-large-islay.jpeg
Хариус,Круизная,Botnia Targa 37,Капитан,Да,Селигер и Валдай,Валдайское озеро,Валдай,3,12 м,6,1,,1,17500,3,https://searadar.com/uploads/boats/crop/1200/675/07a/51/52790-1770645-antares-9-bella-vista.jpg
Нельма,Круизная,Рикошет 747,Капитан,Нет,Селигер и Валдай,Валдайское озеро,Валдай,2,8 м,5,Нет,,1,16000,5,https://searadar.com/uploads/boats/crop/1200/675/f26/0b/4458-1716918-dufour-382-gl-morning-star.jpeg
Муксун,Круизная,Рикошет 747,Капитан,Нет,Алтай,Телецкое озеро,Артыбаш,2,8 м,5,Нет,,1,17500,4,https://searadar.com/uploads/boats/crop/1200/675/66f/5a/40491-1644535-dufour-390-grand-large-bade-lal.jpg
Пелядь,Круизная,Jongert 24T,Капитан и помощник,Да,Алтай,Телецкое озеро,Артыбаш,8,24 м,16,4,,1,63500,4,https://searadar.com/uploads/boats/crop/1200/675/c15/45/59492-1727486-atlantis-47-ht-seven.jpg
Сиг,Круизная,Nimbus 405 Coupe,Капитан,Да,Алтай,Телецкое озеро,Артыбаш,4,13 м,9,2,,1,33000,4,https://searadar.com/uploads/boats/crop/1200/675/dfc/70/53704-1669451-axopar-28-t-top-axopar.jpg
Стерлядь,Круизная,Alubat Ovni 435,Капитан,Да,Волга,Угличское водохранилище,Углич,4,13 м,8,2,,1,22500,3,https://searadar.com/uploads/boats/crop/1200/675/76c/13/3327-1608912-dufour-390-gl-cuir-noir.jpg
Осётр,Круизная,Jeanneau Sun Odyssey 410,Капитан,Да,Волга,Угличское водохранилище,Углич,3,12 м,7,2,,1,19500,3,https://searadar.com/uploads/boats/crop/1200/675/2d1/df/59700-1808214-sun-odyssey-349-3-cab-sarita.jpg
Судак,Круизная,Bavaria 32,Капитан,Нет,Волга,Угличское водохранилище,Углич,3,10 м,6,Нет,,1,17500,4,https://searadar.com/uploads/boats/crop/1200/675/d30/d0/5958-1815540-bavaria-38-cruiser-meander.jpg
Жерех,Круизная,Dufour 460 Grand Large,Капитан и помощник,Да,Волга,Чебоксарское водохранилище,Чебоксары,4,14 м,10,2,,1,28500,3,https://searadar.com/uploads/boats/crop/1200/675/77b/b6/1896-1833889-dufour-335-grand-large-pippi-new-engine-2024.jpg
Голавль,Круизная,Alubat Ovni 435,Капитан,Да,Волга,Чебоксарское водохранилище,Чебоксары,3,13 м,9,1,,1,25500,3,https://searadar.com/uploads/boats/crop/1200/675/299/26/2969-1648495-dufour-390-grand-large-friend-planet.jpg
Язь,Круизная,Nauticat 515,Капитан и помощник,Да,Волга,Чебоксарское водохранилище,Чебоксары,4,16 м,10,2,,1,32500,5,https://searadar.com/uploads/boats/crop/1200/675/7e3/0d/22074-1806649-elan-333-anja.jpg
Чехонь,Круизная,Четвертьтонник,Капитан,Нет,Волга,Саратовское водохранилище,Самара,2,8 м,5,1,,1,13500,3,https://searadar.com/uploads/boats/crop/1200/675/f36/ab/60726-1865202-elan-34-argo.jpg
Соболь,Круизная,Botnia Targa 32,Капитан,Нет,Волга,Саратовское водохранилище,Самара,2,10 м,6,Нет,,1,17500,4,https://searadar.com/uploads/boats/crop/1200/675/2e5/4f/50934-1594237-axopar-37-xc-cross-cabin-axopar.jpg
Марал,Круизная,Lagoon 42,Капитан,Да,Волга,Саратовское водохранилище,Самара,3,13 м,7,1,,1,21000,4,https://searadar.com/uploads/boats/crop/1200/675/f3e/09/1791-1595202-astrea-42-nancy.jpeg
Изюбрь,Круизная,Nauticat 515,Капитан и помощник,Да,Волга,Саратовское водохранилище,Самара,5,16 м,10,2,,1,30500,4,https://searadar.com/uploads/boats/crop/1200/675/9f5/9c/59941-1856153-elan-344-impression-argo.jpg
Росомаха,Моторная,Botnia Targa 37,Капитан,Да,Волга,Саратовское водохранилище,Самара,3,12 м,7,2,,1,21000,4,https://searadar.com/uploads/boats/crop/1200/675/9a0/df/53282-1576313-axopar-37-xc-brabus-voreus.jpg
Выдра,Круизная,Конрад 25RT,Капитан,Нет,Волга,Волгоградское водохранилище,Волгоград,4,9 м,7,Нет,,1,21500,5,https://searadar.com/uploads/boats/crop/1200/675/cf7/49/59942-1876849-elan-344-impression-naftaki.jpeg
Бобр,Круизная,Elan Impression 40,Капитан и помощник,Да,Волга,Волгоградское водохранилище,Волгоград,4,12 м,8,2,,1,24000,4,https://searadar.com/uploads/boats/crop/1200/675/7ea/55/52242-1750534-elan-350-performance-november.jpg
Кедровка,Круизная,Bavaria Cruiser 46,Капитан и помощник,Да,Волга,Волгоградское водохранилище,Волгоград,5,14 м,10,3,,1,30000,4,https://searadar.com/uploads/boats/crop/1200/675/16d/a0/2362-1568244-bavaria-38-match-gipsy.jpg
Кедр,Моторная,Azimut 43,Капитан,Да,Волга,Волгоградское водохранилище,Волгоград,4,13 м,9,3,,1,27000,4,https://searadar.com/uploads/boats/crop/1200/675/bb8/0d/4959-1717645-azimut-43-fly-shine-iv.jpg
Пихта,Круизная,Elan Impression 40,Капитан,Да,Волга,Горьковское водохранилище,Нижний Новгород,4,12 м,7,2,,1,19500,3,https://searadar.com/uploads/boats/crop/1200/675/7ea/55/57978-1783781-elan-350-performance-uniform.jpg
Лиственница,Круизная,Swan 65,Капитан и помощник,Да,Волга,Горьковское водохранилище,Нижний Новгород,6,20 м,12,3,,1,38000,4,https://searadar.com/uploads/boats/crop/1200/675/8f7/48/52548-1648074-cyclades-434-classic.jpeg
Багульник,Круизная,Конрад 24,Капитан,Нет,Волга,Горьковское водохранилище,Нижний Новгород,1,8 м,4,Нет,,1,11500,4,https://searadar.com/uploads/boats/crop/1200/675/7ea/55/52242-1750534-elan-350-performance-november.jpg
Жарки,Круизная,Л-6,Капитан,Нет,Волга,Рыбинское водохранилище,Ярославль,4,11 м,7,Нет,,1,19500,3,https://searadar.com/uploads/boats/crop/1200/675/7ea/55/57978-1783781-elan-350-performance-uniform.jpg
Саранка,Круизная,Galeon 425 HTS,Капитан,Да,Волга,Рыбинское водохранилище,Ярославль,3,13 м,7,1,,1,19500,3,https://searadar.com/uploads/boats/crop/1200/675/0da/59/124-1625001-azimut-46-alma-libre-ii-ac-gen.jpg
Облепиха,Круизная,Картер 30,Капитан и помощник,Нет,Волга,Рыбинское водохранилище,Ярославль,4,9 м,7,1,,1,20500,4,https://searadar.com/uploads/boats/crop/1200/675/7ea/55/57979-1783783-elan-350-performance-x-ray.jpg
Черемша,Круизная,Ассоль,Капитан и помощник,Нет,Волга,Куйбышевское водохранилище,Казань,2,8 м,4,Нет,,1,12000,5,https://searadar.com/uploads/boats/crop/1200/675/4c6/38/7865-1552323-elan-350-yankee.jpg
Кипрей,Круизная,Salona 44,Капитан,Да,Волга,Куйбышевское водохранилище,Казань,4,13 м,8,2,,1,25500,5,https://searadar.com/uploads/boats/crop/1200/675/7ea/55/57979-1783783-elan-350-performance-x-ray.jpg
Столбы,Круизная,Картер 30,Капитан,Нет,Волга,Куйбышевское водохранилище,Казань,1,9 м,5,Нет,,1,13500,3,https://searadar.com/uploads/boats/crop/1200/675/494/69/4749-1569216-elan-40-peter-pan.jpg
Такмак,Круизная,Beneteau Oceanis 41,Капитан и помощник,Да,Дальний Восток,Амур,Хабаровск,4,12 м,7,2,,1,27500,4,https://searadar.com/uploads/boats/crop/1200/675/70f/26/30-1539548-first-40-imagine.jpg
Ергаки,Круизная,Судоход 115,Капитан и помощник,Да,Дальний Восток,Амур,Хабаровск,8,28 м,17,3,,1,79500,5,https://searadar.com/uploads/boats/crop/1200/675/b5b/6d/44824-1737549-elan-431-gem.jpg
Саяны,Круизная,Jeanneau Sun Odyssey 410,Капитан,Да,Дальний Восток,Амур,Хабаровск,4,12 м,7,2,,1,27500,4,https://searadar.com/uploads/boats/crop/1200/675/8b9/c4/59826-1851952-sun-odyssey-349-3-cab-sweet-elli.jpg
Жигули,Круизная,Конрад 25RT,Капитан,Нет,Дальний Восток,Амур,Хабаровск,3,9 м,6,1,,1,23000,4,https://searadar.com/uploads/boats/crop/1200/675/a62/f1/59021-1685959-elan-45-elan-45.jpg
Самарская Лука,Моторная,Nimbus 405 Coupe,Капитан,Да,Дальний Восток,Амур,Хабаровск,3,13 м,9,1,,1,36000,4,https://searadar.com/uploads/boats/crop/1200/675/e5b/61/53365-1593307-azimut-46-azimut-46-app.jpg
Свияжск,Круизная,Дракон,Капитан,Нет,Дальний Восток,Амурский лиман,Николаевск-на-Амуре,2,9 м,5,Нет,,1,20500,3,https://searadar.com/uploads/boats/crop/1200/675/78b/6c/52172-1739981-elan-e4-bella-mia.jpg
Макарьев,Круизная,Bavaria Cruiser 46,Капитан и помощник,Да,Дальний Восток,Амурский лиман,Николаевск-на-Амуре,3,14 м,9,1,,1,40500,4,https://searadar.com/uploads/boats/crop/1200/675/cff/7f/55856-1852365-bavaria-38-noelle.png
Кинешма,Круизная,Sunseeker 76,Капитан и помощник,Да,Дальний Восток,Амурский лиман,Николаевск-на-Амуре,5,23 м,13,2,,1,66500,5,https://searadar.com/uploads/boats/crop/1200/675/95d/55/53745-1675765-azimut-atlantis-55-lia.jpg
Юрьевец,Круизная,Рикошет 747,Капитан,Нет,Дальний Восток,Зейское море,Зея,2,8 м,5,1,,1,19500,3,https://searadar.com/uploads/boats/crop/1200/675/821/d6/47353-1776363-elan-e4-vila.jpeg
Городец,Круизная,Картер 30,Капитан и помощник,Нет,Дальний Восток,Зейское море,Зея,2,9 м,5,Нет,,1,22500,5,https://searadar.com/uploads/boats/crop/1200/675/d09/ef/4843-1654591-elan-344-argo.jpg
Изборск,Круизная,Дракон,Капитан,Нет,Дальний Восток,Зейское море,Зея,3,9 м,6,Нет,,1,23500,3,https://searadar.com/uploads/boats/crop/1200/675/d2e/fb/4825-1549105-elan-344-naftaki.jpg
Печоры,Круизная,Таганрог 70,Капитан и помощник,Да,Карелия,Озеро Имандра,Мончегорск,6,21 м,13,2,,1,51000,5,https://searadar.com/uploads/boats/crop/1200/675/8c4/f6/55680-1815320-elan-impression-35-aurora.jpg
Талабск,Круизная,Nimbus 405 Coupe,Капитан,Да,Карелия,Озеро Имандра,Мончегорск,4,13 м,7,2,,1,24500,4,https://searadar.com/uploads/boats/crop/1200/675/3b3/46/59924-1855654-balt-37-grand-12.jpg
Труворово,Круизная,Картер 30,Капитан,Нет,Карелия,Озеро Имандра,Мончегорск,3,9 м,6,1,,1,21500,5,https://searadar.com/uploads/boats/crop/1200/675/1d1/f9/3979-1639615-elan-384-impression-naiada.jpeg
Столобный,Круизная,Swan 65,Капитан и помощник,Да,Карелия,Выгозеро,Сегежа,5,20 м,13,2,,1,48000,5,https://searadar.com/uploads/boats/crop/1200/675/727/87/50956-1811951-cyclades-434-kalypso.jpg
Хачин,Круизная,Hanse 445,Капитан,Да,Карелия,Выгозеро,Сегежа,4,13 м,8,3,,1,26500,4,https://searadar.com/uploads/boats/crop/1200/675/2be/fa/12578-1768479-hanse-415-natali.jpeg
Кравотынь,Круизная,Princess 62,Капитан и помощник,Да,Карелия,Выгозеро,Сегежа,6,19 м,12,2,,1,41500,4,https://searadar.com/uploads/boats/crop/1200/675/c1a/07/59933-1855714-balt-37-grand-17.jpg
Заплавье,Круизная,Dufour 460 Grand Large,Капитан и помощник,Да,Карелия,Пяозеро,Лоухи,4,14 м,9,3,,1,30000,3,https://searadar.com/uploads/boats/crop/1200/675/c82/32/59876-1878320-dufour-350-grand-large-arkadia.jpeg
Нилова пустынь,Круизная,Bavaria 32,Капитан,Нет,Карелия,Пяозеро,Лоухи,3,10 м,6,1,,1,19000,3,https://searadar.com/uploads/boats/crop/1200/675/29d/0c/59102-1693839-bavaria-38-classic.jpeg
Корбу,Круизная,Дракон,Капитан и помощник,Нет,Карелия,Пяозеро,Лоухи,2,9 м,5,Нет,,1,16000,3,https://searadar.com/uploads/boats/crop/1200/675/d48/ac/6233-1776955-elan-impression-40-anadea.jpg
Чулышман,Круизная,Картер 30,Капитан,Нет,Якутия,Река Лена,Якутск,4,9 м,7,Нет,,1,36000,5,https://searadar.com/uploads/boats/crop/1200/675/fa1/b2/23265-1776969-elan-impression-40-despacito.jpg
Алтын-Кёль,Круизная,Alubat Ovni 435,Капитан,Да,Якутия,Река Лена,Якутск,3,13 м,8,2,,1,40000,4,https://searadar.com/uploads/boats/crop/1200/675/f5d/ab/15150-1784715-elan-impression-40-hulk.jpeg
Артыбашка,Круизная,Jeanneau Sun Odyssey 449,Капитан и помощник,Да,Якутия,Река Лена,Якутск,5,14 м,10,3,,1,50000,4,https://searadar.com/uploads/boats/crop/1200/675/754/00/6181-1772106-sun-odyssey-349-b-nara.jpeg
Хибины,Круизная,Судоход 115,Капитан и помощник,Да,Подмосковье,Иваньковское водохранилище,Конаково,7,28 м,17,3,,1,69500,5,https://searadar.com/uploads/boats/crop/1200/675/560/57/4751-1633768-catalina-42-tintaro.jpg
Ловозеро,Круизная,Дракон,Капитан,Нет,Подмосковье,Иваньковское водохранилище,Конаково,3,9 м,7,1,,1,23500,4,https://searadar.com/uploads/boats/crop/1200/675/4a2/a4/5605-1544251-cyclades-393-rhodes-yachting.jpg
Умбозеро,Круизная,Дракон,Капитан,Нет,Подмосковье,Иваньковское водохранилище,Конаково,4,9 м,7,1,,1,23500,4,https://searadar.com/uploads/boats/crop/1200/675/a66/77/4752-1535990-cyclades-433-tecno-sail.jpg
Сегозеро,Круизная,Полутонник,Капитан,Нет,Подмосковье,Иваньковское водохранилище,Конаково,2,10 м,5,Нет,,1,17000,4,https://searadar.com/uploads/boats/crop/1200/675/034/34/4189-1579283-cyclades-434-blondie.jpg
Куйто,Моторная,Nimbus 405 Coupe,Капитан и помощник,Да,Подмосковье,Иваньковское водохранилище,Конаково,3,13 м,8,1,,1,26000,3,https://searadar.com/uploads/boats/crop/1200/675/1e0/4d/53708-1659775-beneteau-barracuda-8-whisper.jpeg
SV20 «Норд»,Спортивная,SV20,Капитан,Нет,Подмосковье,Клязьминское водохранилище,Пирогово,0,6 м,4,Нет,Килевая,5,28000,5,/photos/fleet-1.jpg
Platu 25 «Ветер»,Спортивная,Platu 25,Капитан,Нет,Подмосковье,Клязьминское водохранилище,Пирогово,0,8 м,4,Нет,Килевая,3,34000,4,/photos/fleet-1.jpg
SV20 «Ост»,Спортивная,SV20,Капитан,Нет,Балтика,Невская губа,Кронштадт,0,6 м,4,Нет,Килевая,4,30000,5,/photos/fleet-1.jpg
J/70 «Норд-Ост»,Спортивная,J/70,Капитан,Нет,Балтика,Невская губа,Кронштадт,0,7 м,4,Нет,Килевая,6,38000,5,/photos/fleet-1.jpg
Platu 25 «Юг»,Спортивная,Platu 25,Капитан,Нет,Чёрное море,Сочинское побережье,Сочи,0,8 м,4,Нет,Килевая,3,36000,4,/photos/fleet-1.jpg
Melges 24 «Бриз»,Спортивная,Melges 24,Капитан,Нет,Чёрное море,Геленджикская бухта,Геленджик,0,7 м,4,Нет,Килевая,2,32000,4,/photos/fleet-1.jpg
SV20 «Вест»,Спортивная,SV20,Капитан,Нет,Дальний Восток,Амурский залив,Владивосток,0,6 м,4,Нет,Килевая,2,29000,5,/photos/fleet-1.jpg
Beneteau First 7.5 «Стрелка»,Спортивная,Beneteau First 7.5,Капитан,Нет,Волга,Горьковское водохранилище,Нижний Новгород,0,8 м,4,Нет,Килевая,2,26000,4,/photos/fleet-1.jpg
Platu 25 «Волга»,Спортивная,Platu 25,Капитан,Нет,Волга,Куйбышевское водохранилище,Казань,0,8 м,4,Нет,Килевая,2,27000,4,/photos/fleet-1.jpg
Beneteau First 7.5 «Ярославна»,Спортивная,Beneteau First 7.5,Капитан,Нет,Волга,Рыбинское водохранилище,Ярославль,0,8 м,4,Нет,Килевая,1,25000,3,/photos/fleet-1.jpg
Bavaria Cruiser 46 «Валаам»,Круизная,Bavaria Cruiser 46,Капитан и помощник,Да,Карелия,Ладожское озеро,Сортавала,3,14 м,8,2,,1,62000,5,https://searadar.com/uploads/boats/crop/1200/675/51e/b4/3370-1686809-bavaria-39-cruiser-af-b39ii.jpg
Hanse 445 «Шхеры»,Круизная,Hanse 445,Капитан,Да,Карелия,Ладожское озеро,Сортавала,3,13 м,8,2,,1,55000,4,https://searadar.com/uploads/boats/crop/1200/675/9c7/b4/58361-1677638-hanse-418-aloisia.jpg
Dufour 460 «Помор»,Круизная,Dufour 460 Grand Large,Капитан и помощник,Да,Карелия,Белое море,Чупа,4,14 м,8,2,,1,78000,5,https://searadar.com/uploads/boats/crop/1200/675/fb2/a8/8-1847798-dufour-350-grand-large-friday.jpg
Sun Odyssey 449 «Кижи»,Круизная,Jeanneau Sun Odyssey 449,Капитан,Да,Карелия,Онежское озеро,Петрозаводск,3,14 м,8,2,,1,58000,4,https://searadar.com/uploads/boats/crop/1200/675/e2c/f2/3524-1655576-sun-odyssey-349-actaea.jpeg
Oceanis 45 «Авача»,Круизная,Beneteau Oceanis 45,Капитан и помощник,Да,Дальний Восток,Камчатка,Усть-Камчатск,4,14 м,8,2,,1,96000,5,https://searadar.com/uploads/boats/crop/1200/675/08d/a5/549-1822888-first-407-milena.jpg
Lagoon 42 «Анива»,Круизная,Lagoon 42,Капитан и помощник,Да,Дальний Восток,Залив Анива,Корсаков,4,13 м,10,2,,1,105000,5,https://searadar.com/uploads/boats/crop/1200/675/db0/57/2145-1571233-astrea-42-nancy.jpg
Bavaria Cruiser 46 «Лена»,Круизная,Bavaria Cruiser 46,Капитан и помощник,Да,Якутия,Река Лена,Ленск,3,14 м,8,2,,1,88000,4,https://searadar.com/uploads/boats/crop/1200/675/560/57/4751-1633768-catalina-42-tintaro.jpg
Hanse 458 «Выборг»,Круизная,Hanse 458,Капитан,Да,Балтика,Финский залив,Санкт-Петербург,4,14 м,8,2,,1,68000,5,https://searadar.com/uploads/boats/crop/1200/675/a69/1f/4240-1619657-hanse-418-polynoe.jpg
Oceanis 41 «Ривьера»,Круизная,Beneteau Oceanis 41,Капитан,Да,Чёрное море,Сочинское побережье,Сочи,3,12 м,8,1,,1,52000,4,https://searadar.com/uploads/boats/crop/1200/675/b03/84/5304-1619640-beneteau-first-45-xena.jpg
Sun Odyssey 410 «Скалы»,Круизная,Jeanneau Sun Odyssey 410,Капитан,Да,Чёрное море,Геленджикская бухта,Геленджик,3,12 м,8,1,,1,49000,5,https://searadar.com/uploads/boats/crop/1200/675/b41/c5/55867-1796771-sun-odyssey-349-adria-moon.jpeg
Hanse 415 «Русский»,Круизная,Hanse 415,Капитан,Да,Дальний Восток,Амурский залив,Владивосток,3,12 м,8,1,,1,64000,4,https://searadar.com/uploads/boats/crop/1200/675/d31/e3/46744-1545429-hanse-455-piri-reis-ii.jpeg
Bavaria Cruiser 37 «Азов»,Круизная,Bavaria Cruiser 37,Капитан,Нет,Азовское море,Ейский лиман,Ейск,3,11 м,6,1,,1,42000,3,https://searadar.com/uploads/boats/crop/1200/675/4a2/a4/5605-1544251-cyclades-393-rhodes-yachting.jpg
Bavaria Cruiser 41 «Ольхон»,Круизная,Bavaria Cruiser 41,Капитан,Да,Байкал,Южный Байкал,Листвянка,3,12 м,8,2,,1,32000,5,https://searadar.com/uploads/boats/crop/1200/675/a66/77/4752-1535990-cyclades-433-tecno-sail.jpg
Hanse 415 «Баргузин»,Круизная,Hanse 415,Капитан,Да,Байкал,Южный Байкал,Листвянка,3,12 м,8,1,,1,30500,4,https://searadar.com/uploads/boats/crop/1200/675/7d4/fa/3572-1589513-hanse-458-celine-1.jpg
Sun Odyssey 449 «Сарма»,Круизная,Jeanneau Sun Odyssey 449,Капитан и помощник,Да,Байкал,Южный Байкал,Листвянка,4,14 м,10,2,,1,41000,5,https://searadar.com/uploads/boats/crop/1200/675/b41/c5/50322-1735485-sun-odyssey-349-horizonte.jpeg
Bavaria Cruiser 37 «Хужир»,Круизная,Bavaria Cruiser 37,Капитан,Нет,Байкал,Малое Море,Хужир,3,11 м,6,1,,1,22500,4,https://searadar.com/uploads/boats/crop/1200/675/034/34/4189-1579283-cyclades-434-blondie.jpg
Oceanis 45 «Шаманка»,Круизная,Beneteau Oceanis 45,Капитан и помощник,Да,Байкал,Малое Море,Хужир,4,14 м,10,2,,1,38500,4,https://searadar.com/uploads/boats/crop/1200/675/703/37/6478-1586463-oceanis-301-carina.jpg
Princess V50 «Магнолия»,Моторная,Princess V50,Капитан и помощник,Да,Чёрное море,Сочинское побережье,Сочи,3,15 м,10,2,,1,145000,5,https://searadar.com/uploads/boats/crop/1200/675/6ca/2a/60693-1864229-3d-tender-lux-500-stingray-predator-640.jpg
Azimut 55 «Кавказ»,Моторная,Azimut 55,Капитан и помощник,Да,Чёрное море,Геленджикская бухта,Геленджик,3,17 м,12,3,,1,190000,5,https://searadar.com/uploads/boats/crop/1200/675/eb8/19/51384-1571757-akhir-27-shiva.jpg
Galeon 425 «Нева»,Моторная,Galeon 425 HTS,Капитан,Да,Балтика,Невская губа,Кронштадт,2,13 м,10,1,,1,128000,5,https://searadar.com/uploads/boats/crop/1200/675/545/dc/50122-1792912-altair-45-nn.jpg
Nimbus 405 «Гранит»,Моторная,Nimbus 405 Coupe,Капитан,Да,Карелия,Ладожское озеро,Сортавала,2,13 м,8,1,,1,112000,4,https://searadar.com/uploads/boats/crop/1200/675/8f5/2c/49977-1655417-altair-zafir-42-running-on-waves.jpg
Botnia Targa 37 «Косатка»,Моторная,Botnia Targa 37,Капитан и помощник,Да,Дальний Восток,Камчатка,Петропавловск-Камчатский,2,12 м,8,1,,1,168000,5,https://searadar.com/uploads/boats/crop/1200/675/f69/92/764-1818452-antares-30-fly-lumar-seamotion.jpg
Botnia Targa 32 «Кузова»,Моторная,Botnia Targa 32,Капитан и помощник,Нет,Карелия,Белое море,Чупа,2,10 м,6,1,,1,134000,5,https://searadar.com/uploads/boats/crop/1200/675/23e/d7/50080-1737263-antares-36-galeb.jpg
Azimut 43 «Попова»,Моторная,Azimut 43,Капитан и помощник,Да,Дальний Восток,Амурский залив,Владивосток,2,13 м,10,1,,1,152000,4,https://searadar.com/uploads/boats/crop/1200/675/f2b/e3/39117-1557862-antares-9-ob-arya.jpg
Galeon 380 «Свияга»,Моторная,Galeon 380 Fly,Капитан,Да,Волга,Куйбышевское водохранилище,Казань,2,12 м,8,1,,1,98000,4,https://searadar.com/uploads/boats/crop/1200/675/64e/52/52789-1799430-antares-9-bella-vista.jpg
